split,tokenizer,file,row_id,token_len,eq_len,equation_preview
test,bpe,tokenized_test_bpe.csv,3125,43,126,R=s_net+F_2^n*phi+(k+E_min+u+Q)^1/2-(2-G-s*sigma-v_0^-)/(3+N_A+lambda_1^n-a_i^2)+(2+G+h_1+alpha_avg^3)/(4/3-h-m_f^circ-lambda)
test,bpe,tokenized_test_bpe.csv,5645,38,125,x=sum_n=1^N(2/3+pi+y_min+delta_i+delta_max)-(pi*x_rms*g+mu_avg)/(4+alpha_f)+(gamma_f+B_1*sigma_avg)/(T_rms)-1/2+A*P_i-A_net^3
test,bpe,tokenized_test_bpe.csv,10,37,103,I=2+G*y-t*I_2+sum_n=1^inf(pi+x+a_f+A_1)+(c*alpha_min^n+tau^circ)/(e*L)-(pi-E_max)/(h*T_net+A_min*W_max)
test,bpe,tokenized_test_bpe.csv,1680,37,112,B_0=exp(3+k+h+delta_max+d)+sum_n=0^inf(1+h+u+epsilon_0+A)-(pi-w*theta-r)/(c+d^**omega_max*s)-(4/3+G+u+a)/(r_min)
test,bpe,tokenized_test_bpe.csv,6800,35,115,p_min=(e+Q+psi^+)^-1-(4/3*N_A-delta+t-alpha)/(2+N_A+psi_avg)+int_a^b(1/3+c+T_max+V^2+phi_avg)dx+(4/3+N_A+theta^2)^2
test,bpe,tokenized_test_bpe.csv,855,34,91,g=1+I_2-u^n-b_i+(c_f-alpha*C)/(c-alpha+I^+)+(1/3+pi+c_max)^-1+(1+N_A-C*B^2)/(2*c+y_2-sigma)
test,bpe,tokenized_test_bpe.csv,8390,33,83,a=ln(1/2+x+P+F_avg)-(e-x_i+epsilon)/(2*R+v)-(c+p_2+A)^2-(2-I_0-s-z)/(3-c-u_2+L+F_1)
test,bpe,tokenized_test_bpe.csv,9625,33,96,P_1=(Q_0+gamma+r)^2-(1/3+r_2*Q_rms+P)/(c-d+omega*epsilon_rms)-sin(N_A-n_i^2)+(2+k+C+psi_max+R)^n
test,bpe,tokenized_test_bpe.csv,4785,32,83,h=(1/2+e+x_rms+c^circ)^n+tau_i^2+(A*gamma_i-phi_1)/(e-beta-y)+(R-s-E)/(v+A-delta_0)
test,bpe,tokenized_test_bpe.csv,9790,32,103,n_avg=(1/3+k*n_net^-1*v_f)/(G+z-Q_max)-(1-h_f)/(1/2*R-epsilon-mu+h_rms)-(c+I_i^circ+s_net+lambda_f)^1/2
test,bpe,tokenized_test_bpe.csv,6470,31,79,y=(2/3+h+B_0+tau_max)^n+1-exp(4+R+p_f+z+tau_2)-(4+k+a^circ-g^-)/(c+b*E-Q_avg^2)
test,bpe,tokenized_test_bpe.csv,4730,31,83,I_min=n+y+(h*V)/(N_A+g_net^2*F_rms)+(2+R+gamma_i^-1+psi+a^-1)^2+(C^2)/(k-R*L_0^+*d)
test,bpe,tokenized_test_bpe.csv,6710,31,89,g=sum_n=0^n(1/3+c+s)+(pi-h-T)/(2/3-e-v-phi^++u)+(t_0*lambda*I)/(3+c+phi_min*P)+pi+Q-delta
test,bpe,tokenized_test_bpe.csv,5960,30,82,V=sqrt(2+B_avg+r_i+s^-1)+(e+v-V_f*R)/(v)-cos(v+phi_avg+beta_max)-(h+d)/(3+e+theta)
test,bpe,tokenized_test_bpe.csv,7410,30,84,p_f=int(k+omega_1^circ+z+P_f)dV-(k-I_2-E+phi_rms)/(e*beta+h*theta)+ln(4-R-a_f+Q_rms)
test,bpe,tokenized_test_bpe.csv,1155,30,79,Q=(1/2*k+s_rms^+)/(v_min^2+n+tau_net^-1)+1/2+h+a+a+n+(phi_max^2*p_i^*)/(pi+c^*)
test,bpe,tokenized_test_bpe.csv,3305,30,78,a=sin(4-R-Q_min+beta^3-w_0)-C^3+b+alpha-ln(1-c*y^3)+sum_k=1^N(2+R_net+m_max+V)
test,bpe,tokenized_test_bpe.csv,420,29,80,z=(2+e+lambda)^1/2+(1+R_f*A_net+beta_min)/(k-R^circ+b)-(d_0+x)/(d_f)+h+w_min^*-v
test,bpe,tokenized_test_bpe.csv,4290,29,82,b_min=(e+d)^-1+(1*mu+mu_avg)/(G+r*c)-(I_net^-+delta)^n+1-(p*theta_avg^2)/(2/3+c-y)
test,bpe,tokenized_test_bpe.csv,4165,29,73,v=(G+c_f*x)/(L-w)-G+sigma_max^2-omega^circ-(c-gamma+V+u_f)/(R+mu*g_max*W)
test,char,tokenized_test_char.csv,3125,126,126,R=s_net+F_2^n*phi+(k+E_min+u+Q)^1/2-(2-G-s*sigma-v_0^-)/(3+N_A+lambda_1^n-a_i^2)+(2+G+h_1+alpha_avg^3)/(4/3-h-m_f^circ-lambda)
test,char,tokenized_test_char.csv,5645,125,125,x=sum_n=1^N(2/3+pi+y_min+delta_i+delta_max)-(pi*x_rms*g+mu_avg)/(4+alpha_f)+(gamma_f+B_1*sigma_avg)/(T_rms)-1/2+A*P_i-A_net^3
test,char,tokenized_test_char.csv,6800,115,115,p_min=(e+Q+psi^+)^-1-(4/3*N_A-delta+t-alpha)/(2+N_A+psi_avg)+int_a^b(1/3+c+T_max+V^2+phi_avg)dx+(4/3+N_A+theta^2)^2
test,char,tokenized_test_char.csv,1680,112,112,B_0=exp(3+k+h+delta_max+d)+sum_n=0^inf(1+h+u+epsilon_0+A)-(pi-w*theta-r)/(c+d^**omega_max*s)-(4/3+G+u+a)/(r_min)
test,char,tokenized_test_char.csv,5540,104,104,a_f=sum_j=1^inf(epsilon+B_min)+1/3-k*lambda_0+d+s+int(4/3+N_A+Q_0+c_rms^-+V_avg)dr+(gamma)/(c+delta_rms)
test,char,tokenized_test_char.csv,10,103,103,I=2+G*y-t*I_2+sum_n=1^inf(pi+x+a_f+A_1)+(c*alpha_min^n+tau^circ)/(e*L)-(pi-E_max)/(h*T_net+A_min*W_max)
test,char,tokenized_test_char.csv,9790,103,103,n_avg=(1/3+k*n_net^-1*v_f)/(G+z-Q_max)-(1-h_f)/(1/2*R-epsilon-mu+h_rms)-(c+I_i^circ+s_net+lambda_f)^1/2
test,char,tokenized_test_char.csv,9625,96,96,P_1=(Q_0+gamma+r)^2-(1/3+r_2*Q_rms+P)/(c-d+omega*epsilon_rms)-sin(N_A-n_i^2)+(2+k+C+psi_max+R)^n
test,char,tokenized_test_char.csv,1410,96,96,L=(m)/(2/3-N_A*omega*alpha_net)+log(c-v)-(1/3+e+lambda+F+mu_max)^3+(3*k*s_min*theta)/(e*delta_i)
test,char,tokenized_test_char.csv,925,95,95,v_avg=cos(R+mu+b+lambda)+partialE/partialx+sin(c+epsilon_min+beta)+sum_i=1^N(h+a_2^++u^-+theta)
test,char,tokenized_test_char.csv,3395,91,91,V=(e-sigma*w*T^circ)/(4-N_A+psi+omega_2-a)+int(1/3+k+n_net)dx+partialR/partialt-(3+x^-)^1/2
test,char,tokenized_test_char.csv,855,91,91,g=1+I_2-u^n-b_i+(c_f-alpha*C)/(c-alpha+I^+)+(1/3+pi+c_max)^-1+(1+N_A-C*B^2)/(2*c+y_2-sigma)
test,char,tokenized_test_char.csv,7420,90,90,m=da/dx+sum_i=1^inf(2+k+sigma_2+L_rms+delta_i^circ)+(2/3+pi+beta+gamma+x)^1/2+pi*Q-phi_min
test,char,tokenized_test_char.csv,6710,89,89,g=sum_n=0^n(1/3+c+s)+(pi-h-T)/(2/3-e-v-phi^++u)+(t_0*lambda*I)/(3+c+phi_min*P)+pi+Q-delta
test,char,tokenized_test_char.csv,7990,85,85,y=4/3*k+a-n+h_avg+exp(2/3+h-Q)-(N_A+theta_0+d_i+epsilon_min)^2+sin(k+s_2+s+omega_min)
test,char,tokenized_test_char.csv,7410,84,84,p_f=int(k+omega_1^circ+z+P_f)dV-(k-I_2-E+phi_rms)/(e*beta+h*theta)+ln(4-R-a_f+Q_rms)
test,char,tokenized_test_char.csv,2050,84,84,v=cos(R*theta^*+psi)+sqrt(h+a*tau_1-A_min)-(1/2+beta_avg)^n+1+(e*mu)/(d_0-b_f+m_avg)
test,char,tokenized_test_char.csv,8390,83,83,a=ln(1/2+x+P+F_avg)-(e-x_i+epsilon)/(2*R+v)-(c+p_2+A)^2-(2-I_0-s-z)/(3-c-u_2+L+F_1)
test,char,tokenized_test_char.csv,4785,83,83,h=(1/2+e+x_rms+c^circ)^n+tau_i^2+(A*gamma_i-phi_1)/(e-beta-y)+(R-s-E)/(v+A-delta_0)
test,char,tokenized_test_char.csv,4730,83,83,I_min=n+y+(h*V)/(N_A+g_net^2*F_rms)+(2+R+gamma_i^-1+psi+a^-1)^2+(C^2)/(k-R*L_0^+*d)
test,hierarchical,tokenized_test_hierarchical.csv,6800,219,115,p_min=(e+Q+psi^+)^-1-(4/3*N_A-delta+t-alpha)/(2+N_A+psi_avg)+int_a^b(1/3+c+T_max+V^2+phi_avg)dx+(4/3+N_A+theta^2)^2
test,hierarchical,tokenized_test_hierarchical.csv,9790,197,103,n_avg=(1/3+k*n_net^-1*v_f)/(G+z-Q_max)-(1-h_f)/(1/2*R-epsilon-mu+h_rms)-(c+I_i^circ+s_net+lambda_f)^1/2
test,hierarchical,tokenized_test_hierarchical.csv,9625,181,96,P_1=(Q_0+gamma+r)^2-(1/3+r_2*Q_rms+P)/(c-d+omega*epsilon_rms)-sin(N_A-n_i^2)+(2+k+C+psi_max+R)^n
test,hierarchical,tokenized_test_hierarchical.csv,3125,178,126,R=s_net+F_2^n*phi+(k+E_min+u+Q)^1/2-(2-G-s*sigma-v_0^-)/(3+N_A+lambda_1^n-a_i^2)+(2+G+h_1+alpha_avg^3)/(4/3-h-m_f^circ-lambda)
test,hierarchical,tokenized_test_hierarchical.csv,1410,171,96,L=(m)/(2/3-N_A*omega*alpha_net)+log(c-v)-(1/3+e+lambda+F+mu_max)^3+(3*k*s_min*theta)/(e*delta_i)
test,hierarchical,tokenized_test_hierarchical.csv,855,171,91,g=1+I_2-u^n-b_i+(c_f-alpha*C)/(c-alpha+I^+)+(1/3+pi+c_max)^-1+(1+N_A-C*B^2)/(2*c+y_2-sigma)
test,hierarchical,tokenized_test_hierarchical.csv,7410,165,84,p_f=int(k+omega_1^circ+z+P_f)dV-(k-I_2-E+phi_rms)/(e*beta+h*theta)+ln(4-R-a_f+Q_rms)
test,hierarchical,tokenized_test_hierarchical.csv,2050,165,84,v=cos(R*theta^*+psi)+sqrt(h+a*tau_1-A_min)-(1/2+beta_avg)^n+1+(e*mu)/(d_0-b_f+m_avg)
test,hierarchical,tokenized_test_hierarchical.csv,7990,161,85,y=4/3*k+a-n+h_avg+exp(2/3+h-Q)-(N_A+theta_0+d_i+epsilon_min)^2+sin(k+s_2+s+omega_min)
test,hierarchical,tokenized_test_hierarchical.csv,4785,155,83,h=(1/2+e+x_rms+c^circ)^n+tau_i^2+(A*gamma_i-phi_1)/(e-beta-y)+(R-s-E)/(v+A-delta_0)
test,hierarchical,tokenized_test_hierarchical.csv,4200,155,81,n=(1/2*theta)/(pi*p_avg-psi_0)+int(2+e+b_net^*+phi)dr-(G+a_avg^*)/(N_A-E^+-C*s_1)
test,hierarchical,tokenized_test_hierarchical.csv,1665,153,78,L=ln(N_A+Q*P-W)-ln(pi+W+I_max+beta)-(2+b-m_min+alpha_min)/(k+mu^*-R_rms^+*w_i)
test,hierarchical,tokenized_test_hierarchical.csv,785,153,79,p=partialQ/partialt+(k+n_min)/(3+lambda_f^3-W+A)-R-h^+*tau+sin(N_A-alpha+w_avg)
test,hierarchical,tokenized_test_hierarchical.csv,7555,153,80,B_avg=sqrt(pi+B_f+c)+(2+pi+z_min+L+F_net)^2+(3-c*alpha)/(c-w^2)+1*pi-p_f*u+delta
test,hierarchical,tokenized_test_hierarchical.csv,5960,151,82,V=sqrt(2+B_avg+r_i+s^-1)+(e+v-V_f*R)/(v)-cos(v+phi_avg+beta_max)-(h+d)/(3+e+theta)
test,hierarchical,tokenized_test_hierarchical.csv,8925,151,79,z=e-r-c+x_f-p+partialC/partialx+(1/2-psi_i+sigma_max^3-v)/(pi-beta_max^2-sigma)
test,hierarchical,tokenized_test_hierarchical.csv,420,149,80,z=(2+e+lambda)^1/2+(1+R_f*A_net+beta_min)/(k-R^circ+b)-(d_0+x)/(d_f)+h+w_min^*-v
test,hierarchical,tokenized_test_hierarchical.csv,8390,149,83,a=ln(1/2+x+P+F_avg)-(e-x_i+epsilon)/(2*R+v)-(c+p_2+A)^2-(2-I_0-s-z)/(3-c-u_2+L+F_1)
test,hierarchical,tokenized_test_hierarchical.csv,8435,149,75,m=partialW/partialx-(N_A-I_i-beta_0-sigma)/(3-c*a_i-a_rms^+-C)-cos(R+W_rms)
test,hierarchical,tokenized_test_hierarchical.csv,6185,149,79,v_rms=(1/2+g^++w_min)^2+ln(2/3+T_avg+A)+(G-mu^circ+phi_2)/(C_f+Q+p)+3-G-theta-W
train,bpe,tokenized_train_bpe.csv,885,45,134,W=(G*E_1+psi_avg)/(R-v_2^-1*x+a_rms)+(pi-a_min*lambda-a)/(k+Q^+*t)+(3-G-L_i+delta_max)/(k*beta_avg)-(h-alpha_max*w)/(v^circ*m_avg+B_i)
train,bpe,tokenized_train_bpe.csv,9315,44,121,p=(3*h-y+h+b)/(3-h-v*h_2+omega)+(1*k+L_avg*A^3+T_max)/(4-R-lambda_net-tau+z)+(d+V^-1*d_min)/(3*theta_2^+-W*x)-(2+w+z_1)^2
train,bpe,tokenized_train_bpe.csv,7790,43,114,E_i=(pi-R*phi_i^-1*E_0^2)/(4/3+G+a_avg-u-R^-)-(4+R+b^circ-W*psi_f)/(1/3-u+c)+tan(2/3+R*p-Q_min)+(pi*C-W^3)/(2-k*x)
train,bpe,tokenized_train_bpe.csv,7975,43,126,B_1=(3-h-s-Q)/(1+G*s_f^-+B^3*alpha_net)+(1/3+P_rms)^1/2-(2/3-R+mu_min*gamma^+-y)/(1/3-c+epsilon+V_net^2)+(G-tau)/(2+v_avg*c_i)
train,bpe,tokenized_train_bpe.csv,2940,41,119,a=(y_2+E_rms*omega)/(3*z)-(1/3*pi*delta*b*F_f)/(1/2-k-lambda_1^n*delta-x)-h+r^circ+(1/3*T_0^circ)/(e*r_f*mu_min^+*beta)
train,bpe,tokenized_train_bpe.csv,9160,41,108,R=(4+a_max-phi_min^-)/(R-d_net^+)+int(w_rms^+)dr+(k+c^+*phi+epsilon)/(2-R-Q_max*x_0)+(1-h+y^circ)/(pi-d*g_f)
train,bpe,tokenized_train_bpe.csv,8270,40,109,E=partialL/partialy-int_a^L(c+L+T)dx+(e+delta_i-W_net)/(4-N_A-E_2+n-z)+(G+y*p^*-Q_f^-1)/(R*z_f*u_1-phi_min^*)
train,bpe,tokenized_train_bpe.csv,3160,40,122,h=exp(e+lambda)-(R*theta_net)/(beta^n*v_1*g)+(4/3+k+F*epsilon_net+V_1)/(k*Q_rms^2+u_net)-(2/3-G*A-r+gamma)/(4*h-t_i^+-E^*)
train,bpe,tokenized_train_bpe.csv,8285,39,120,a_net=(4/3*theta_f*lambda+y_1^*)/(beta+V_0+R_0^-1)+(R+L_net^-1+x+theta_2)^2+(3-mu_max+w^-1-F)/(1/2+N_A+p+C)-pi*E-sigma_1
train,bpe,tokenized_train_bpe.csv,3065,39,120,p=1*h*p_avg^3+x_0^n-4+pi-a-(k+m_f*w_rms+lambda)/(4/3*R_2^-+alpha-alpha^+)-(N_A-d_0-beta*E_f)/(R+lambda_min^*-Q_net+beta)
train,bpe,tokenized_train_bpe.csv,605,39,121,B=sum_j=1^N(1/2+e+r+T_1^3)+(1/2+e-sigma^++W_rms-gamma_0^2)/(h*g*R_f+mu_rms^n)-(R-epsilon+alpha_2^n+B_avg)/(N_A-W^*-d_max)
train,bpe,tokenized_train_bpe.csv,8375,39,130,R_1=(N_A+beta_min+delta^2)/(2*c_min*a_f)-(E_2^n)/(1+P-R^+*d)-(1/2+c+b+delta_1)^-1+(2/3*beta_2+sigma*epsilon)/(2*N_A+T_1-sigma+p_2)
train,bpe,tokenized_train_bpe.csv,9490,39,111,B_net=sin(h+psi+alpha_f^3+omega_i)+(3*k+omega_rms^2)/(3*pi+Q_2^+)+k-t_2*phi_f+I+(N_A*tau^3)/(G+r_min-sigma^+-p)
train,bpe,tokenized_train_bpe.csv,2925,39,105,g=(k-V_net*v^n)/(2+h+F_2)-(1+Q_0)/(1/2+k*a+B_i)-(e+mu-I_i-w_rms)/(4/3-t_rms*y*phi)+(pi+v^2+delta+v_2^+)^n
train,bpe,tokenized_train_bpe.csv,6330,38,107,v_f=(psi*m_1^-1*F_net^-1)/(t_1+g_avg)-(4+pi*v*lambda_net-tau_0^n)/(2/3-c+tau^-1+E_max)-sin(psi_i+w_i+d_0^3)
train,bpe,tokenized_train_bpe.csv,9445,38,111,T=(x^3)/(2/3*phi_min*phi_i*s)+(h*beta_2*E)/(2/3*m*g_min-beta)-(3*c+b_min^3+w_f-w)/(G-epsilon*theta+h)-4-k-b_rms
train,bpe,tokenized_train_bpe.csv,1190,38,101,h_f=(c+h_net)^n+4*G-mu_0*z_net^--m_net+(alpha^n*gamma_f+A_2)/(2*e+u^+-mu)+int_0^b(G+psi^3+y^2+p^-1)dV
train,bpe,tokenized_train_bpe.csv,870,38,113,V=(4-k*A_rms-gamma_f^circ-d_1^+)/(c-epsilon_rms*r_1)+4+r^-1-g_max-(2/3*h+C_f+a_2+L)/(2/3*R+v^+)+partialF/partialx
train,bpe,tokenized_train_bpe.csv,9460,37,106,Q=sqrt(N_A+u^-1+y+epsilon_0)-1/2-h*c_1^2+p-sin(1+R+h^++b_f+c_min)+(N_A-F_0-B_2)/(3+h*epsilon_i^circ-A_0-B)
train,bpe,tokenized_train_bpe.csv,5010,37,123,A_rms=(2/3+e+beta_f+r_min+delta_max)^3+exp(c+v_1^-1+phi_max+v_i)+(e+R+W_min^--phi_0)/(N_A+alpha)-(4/3*e-alpha)/(4*mu-I_f^2)
train,char,tokenized_train_char.csv,885,134,134,W=(G*E_1+psi_avg)/(R-v_2^-1*x+a_rms)+(pi-a_min*lambda-a)/(k+Q^+*t)+(3-G-L_i+delta_max)/(k*beta_avg)-(h-alpha_max*w)/(v^circ*m_avg+B_i)
train,char,tokenized_train_char.csv,8375,130,130,R_1=(N_A+beta_min+delta^2)/(2*c_min*a_f)-(E_2^n)/(1+P-R^+*d)-(1/2+c+b+delta_1)^-1+(2/3*beta_2+sigma*epsilon)/(2*N_A+T_1-sigma+p_2)
train,char,tokenized_train_char.csv,7975,126,126,B_1=(3-h-s-Q)/(1+G*s_f^-+B^3*alpha_net)+(1/3+P_rms)^1/2-(2/3-R+mu_min*gamma^+-y)/(1/3-c+epsilon+V_net^2)+(G-tau)/(2+v_avg*c_i)
train,char,tokenized_train_char.csv,6535,126,126,B=log(4/3+R*phi+I_net^-1)+(4/3-sigma^circ*C_max+W)/(N_A+alpha_0*I_max)+(4/3+h*V)/(1/2*pi+lambda+E_max+W)-int(4/3+R+a+tau^-1)dr
train,char,tokenized_train_char.csv,5010,123,123,A_rms=(2/3+e+beta_f+r_min+delta_max)^3+exp(c+v_1^-1+phi_max+v_i)+(e+R+W_min^--phi_0)/(N_A+alpha)-(4/3*e-alpha)/(4*mu-I_f^2)
train,char,tokenized_train_char.csv,3160,122,122,h=exp(e+lambda)-(R*theta_net)/(beta^n*v_1*g)+(4/3+k+F*epsilon_net+V_1)/(k*Q_rms^2+u_net)-(2/3-G*A-r+gamma)/(4*h-t_i^+-E^*)
train,char,tokenized_train_char.csv,605,121,121,B=sum_j=1^N(1/2+e+r+T_1^3)+(1/2+e-sigma^++W_rms-gamma_0^2)/(h*g*R_f+mu_rms^n)-(R-epsilon+alpha_2^n+B_avg)/(N_A-W^*-d_max)
train,char,tokenized_train_char.csv,9315,121,121,p=(3*h-y+h+b)/(3-h-v*h_2+omega)+(1*k+L_avg*A^3+T_max)/(4-R-lambda_net-tau+z)+(d+V^-1*d_min)/(3*theta_2^+-W*x)-(2+w+z_1)^2
train,char,tokenized_train_char.csv,8285,120,120,a_net=(4/3*theta_f*lambda+y_1^*)/(beta+V_0+R_0^-1)+(R+L_net^-1+x+theta_2)^2+(3-mu_max+w^-1-F)/(1/2+N_A+p+C)-pi*E-sigma_1
train,char,tokenized_train_char.csv,145,120,120,m=(3+G+delta^3+T_min^*)^n-(h*c-Q_min+mu_1)/(1/3*N_A-epsilon+P_avg)+sqrt(k+delta^circ+omega_0+t^-1)-ln(4+c+C^*+P_f+psi_2)
train,char,tokenized_train_char.csv,3065,120,120,p=1*h*p_avg^3+x_0^n-4+pi-a-(k+m_f*w_rms+lambda)/(4/3*R_2^-+alpha-alpha^+)-(N_A-d_0-beta*E_f)/(R+lambda_min^*-Q_net+beta)
train,char,tokenized_train_char.csv,2940,119,119,a=(y_2+E_rms*omega)/(3*z)-(1/3*pi*delta*b*F_f)/(1/2-k-lambda_1^n*delta-x)-h+r^circ+(1/3*T_0^circ)/(e*r_f*mu_min^+*beta)
train,char,tokenized_train_char.csv,6190,118,118,g=e-omega_rms-B+tau+(pi*L+c_avg^-1)/(1/2*k*T_min*psi^n-b^+)+(R+omega_min+epsilon)^n+(4/3*pi+epsilon_1)/(1/2+delta-h^+)
train,char,tokenized_train_char.csv,4615,117,117,m_f=partialP/partialy-(R+lambda_2*a_max^-1)/(4/3-k+L)+(4/3+c*P_f-R_min^2+beta^n)/(1/3-pi-phi_min^circ*B^3)-h-s_2^circ
train,char,tokenized_train_char.csv,135,117,117,B=(1*N_A-h*sigma^++omega)/(R-E*epsilon)+int_L^inf(z+delta_min^circ+r)dt+sum_k=0^N(c+m+P^-1)-sqrt(N_A+sigma+a_1+y_2^n)
train,char,tokenized_train_char.csv,7790,114,114,E_i=(pi-R*phi_i^-1*E_0^2)/(4/3+G+a_avg-u-R^-)-(4+R+b^circ-W*psi_f)/(1/3-u+c)+tan(2/3+R*p-Q_min)+(pi*C-W^3)/(2-k*x)
train,char,tokenized_train_char.csv,870,113,113,V=(4-k*A_rms-gamma_f^circ-d_1^+)/(c-epsilon_rms*r_1)+4+r^-1-g_max-(2/3*h+C_f+a_2+L)/(2/3*R+v^+)+partialF/partialx
train,char,tokenized_train_char.csv,7350,112,112,p_2=(1/2+pi+sigma_rms^*)^n-(R+F_0^circ-tau*g_net)/(2/3+h*x_rms)+1/2+k-E-t-V_avg-(2/3+k+R_max)/(G*s^*-omega_f^-1)
train,char,tokenized_train_char.csv,1260,112,112,g=(2-e*beta*V_max^*)/(pi*V+V)+(4*pi-tau_min)/(N_A*psi_f^-)+(R+x+E_rms)^n+1+(E+gamma*theta_min)/(4-N_A*h^2+omega)
train,char,tokenized_train_char.csv,9355,112,112,a=(alpha_2+alpha_rms+omega_f)^n+(b)/(1/3-G*sigma_avg-W)+ln(3+L+v_net^n)-(4*G*epsilon_min*tau^n+omega_avg)/(pi*g)
train,hierarchical,tokenized_train_hierarchical.csv,885,251,134,W=(G*E_1+psi_avg)/(R-v_2^-1*x+a_rms)+(pi-a_min*lambda-a)/(k+Q^+*t)+(3-G-L_i+delta_max)/(k*beta_avg)-(h-alpha_max*w)/(v^circ*m_avg+B_i)
train,hierarchical,tokenized_train_hierarchical.csv,8375,243,130,R_1=(N_A+beta_min+delta^2)/(2*c_min*a_f)-(E_2^n)/(1+P-R^+*d)-(1/2+c+b+delta_1)^-1+(2/3*beta_2+sigma*epsilon)/(2*N_A+T_1-sigma+p_2)
train,hierarchical,tokenized_train_hierarchical.csv,6535,233,126,B=log(4/3+R*phi+I_net^-1)+(4/3-sigma^circ*C_max+W)/(N_A+alpha_0*I_max)+(4/3+h*V)/(1/2*pi+lambda+E_max+W)-int(4/3+R+a+tau^-1)dr
train,hierarchical,tokenized_train_hierarchical.csv,145,229,120,m=(3+G+delta^3+T_min^*)^n-(h*c-Q_min+mu_1)/(1/3*N_A-epsilon+P_avg)+sqrt(k+delta^circ+omega_0+t^-1)-ln(4+c+C^*+P_f+psi_2)
train,hierarchical,tokenized_train_hierarchical.csv,3160,227,122,h=exp(e+lambda)-(R*theta_net)/(beta^n*v_1*g)+(4/3+k+F*epsilon_net+V_1)/(k*Q_rms^2+u_net)-(2/3-G*A-r+gamma)/(4*h-t_i^+-E^*)
train,hierarchical,tokenized_train_hierarchical.csv,8285,221,120,a_net=(4/3*theta_f*lambda+y_1^*)/(beta+V_0+R_0^-1)+(R+L_net^-1+x+theta_2)^2+(3-mu_max+w^-1-F)/(1/2+N_A+p+C)-pi*E-sigma_1
train,hierarchical,tokenized_train_hierarchical.csv,4615,221,117,m_f=partialP/partialy-(R+lambda_2*a_max^-1)/(4/3-k+L)+(4/3+c*P_f-R_min^2+beta^n)/(1/3-pi-phi_min^circ*B^3)-h-s_2^circ
train,hierarchical,tokenized_train_hierarchical.csv,6190,217,118,g=e-omega_rms-B+tau+(pi*L+c_avg^-1)/(1/2*k*T_min*psi^n-b^+)+(R+omega_min+epsilon)^n+(4/3*pi+epsilon_1)/(1/2+delta-h^+)
train,hierarchical,tokenized_train_hierarchical.csv,9315,215,121,p=(3*h-y+h+b)/(3-h-v*h_2+omega)+(1*k+L_avg*A^3+T_max)/(4-R-lambda_net-tau+z)+(d+V^-1*d_min)/(3*theta_2^+-W*x)-(2+w+z_1)^2
train,hierarchical,tokenized_train_hierarchical.csv,9490,215,111,B_net=sin(h+psi+alpha_f^3+omega_i)+(3*k+omega_rms^2)/(3*pi+Q_2^+)+k-t_2*phi_f+I+(N_A*tau^3)/(G+r_min-sigma^+-p)
train,hierarchical,tokenized_train_hierarchical.csv,9355,211,112,a=(alpha_2+alpha_rms+omega_f)^n+(b)/(1/3-G*sigma_avg-W)+ln(3+L+v_net^n)-(4*G*epsilon_min*tau^n+omega_avg)/(pi*g)
train,hierarchical,tokenized_train_hierarchical.csv,7350,209,112,p_2=(1/2+pi+sigma_rms^*)^n-(R+F_0^circ-tau*g_net)/(2/3+h*x_rms)+1/2+k-E-t-V_avg-(2/3+k+R_max)/(G*s^*-omega_f^-1)
train,hierarchical,tokenized_train_hierarchical.csv,2940,207,119,a=(y_2+E_rms*omega)/(3*z)-(1/3*pi*delta*b*F_f)/(1/2-k-lambda_1^n*delta-x)-h+r^circ+(1/3*T_0^circ)/(e*r_f*mu_min^+*beta)
train,hierarchical,tokenized_train_hierarchical.csv,870,207,113,V=(4-k*A_rms-gamma_f^circ-d_1^+)/(c-epsilon_rms*r_1)+4+r^-1-g_max-(2/3*h+C_f+a_2+L)/(2/3*R+v^+)+partialF/partialx
train,hierarchical,tokenized_train_hierarchical.csv,6330,205,107,v_f=(psi*m_1^-1*F_net^-1)/(t_1+g_avg)-(4+pi*v*lambda_net-tau_0^n)/(2/3-c+tau^-1+E_max)-sin(psi_i+w_i+d_0^3)
train,hierarchical,tokenized_train_hierarchical.csv,8440,205,104,I_f=tan(m+t_f^n)-cos(2+N_A+t-epsilon_1)-(1/3+h+alpha^-1*P_2)/(e+gamma_rms+lambda-h_avg)-(pi+psi+A_net)^3
train,hierarchical,tokenized_train_hierarchical.csv,1055,205,105,P_0=(2/3*R-b_net^3-T*lambda)/(1/3-G+r_0-C_net^2*s)-dA/dx+int_L^b(4/3+N_A+gamma+delta)dt-alpha_max-epsilon
train,hierarchical,tokenized_train_hierarchical.csv,3800,203,104,W_i=cos(B+y_avg)+int_0^inf(1/2+h+theta^*+R_rms^+)dx-2-G+y_avg+mu^2-(4*c*b+c_2+phi^n)/(2*R+I^++tau+alpha)
train,hierarchical,tokenized_train_hierarchical.csv,8270,203,109,E=partialL/partialy-int_a^L(c+L+T)dx+(e+delta_i-W_net)/(4-N_A-E_2+n-z)+(G+y*p^*-Q_f^-1)/(R*z_f*u_1-phi_min^*)
train,hierarchical,tokenized_train_hierarchical.csv,1655,201,110,F=(a_i-P_f^*-F_2)/(2/3*m-tau*a^-1)+int(1/2+N_A+I^n+V+P)dx-(4+tau+h_net+R_min)^3-(V)/(h*P_0*epsilon_rms*lambda)
val,bpe,tokenized_val_bpe.csv,1525,40,130,I_net=sin(v_avg+m_max)-(c*z*V_avg^*-delta_i)/(3+e-beta_max^3*E)-(4/3+N_A*sigma_f^*-gamma_i)/(P*sigma-delta_avg)+cos(g_max^--alpha)
val,bpe,tokenized_val_bpe.csv,8425,35,93,g_avg=sqrt(R+u+V+Q^2)-(1*Q-V^-)/(G+T*R*delta^-1)+(4-r^n-alpha^3)/(pi*h)-cos(h+B_max+gamma^-1)
val,bpe,tokenized_val_bpe.csv,8960,35,98,b_0=(k+d+u_f+a_0^2)^n+cos(b_max+theta-n_net)+(3*pi*lambda_min+n*beta)/(N_A*beta)-ln(4/3+h-tau+b-d)
val,bpe,tokenized_val_bpe.csv,4570,34,92,Q_avg=exp(k+alpha_min+v+c_i)+(2+pi*d+h_max)/(2*pi-T^2-c_max^3+z^2)-R*t_min+Q+C_min-(c+p_i)^n
val,bpe,tokenized_val_bpe.csv,2965,33,109,C=(4/3+N_A+sigma_rms)^-1+2/3*h*A_i^n-delta-B_2-sin(1/3+F_max+t_i)+(N_A-gamma*w*n_2)/(1/3*N_A*lambda_0+beta^2)
val,bpe,tokenized_val_bpe.csv,6525,33,111,L=1/3*omega_1^circ*m*a_1-tan(2/3+B+A_max+sigma)-sqrt(2+N_A+C^2+v^-1+beta)-(4/3-c+beta*P_rms^circ*tau_0)/(4/3-v)
val,bpe,tokenized_val_bpe.csv,3230,33,89,T=R+v-cos(T^-)-(1/3+R+lambda_1+a_2)/(G*s_max*W^+-theta_max^-1)+(k*c-y_1)/(c-V_rms*Q-mu_2)
val,bpe,tokenized_val_bpe.csv,3240,32,97,b_0=(2+k+P_net)^n-sqrt(2/3+u_0+tau+L_2)+ln(R-n*alpha_i)-(2/3-G-psi^n*V+epsilon_2)/(4-F_1-omega_f)
val,bpe,tokenized_val_bpe.csv,3595,32,78,F_avg=(1+pi+t)/(4*e-P*v^circ)+(4*c*p_i-p_1+v)/(G+V)+(2/3+mu_max*T-V)/(3+G*V*A)
val,bpe,tokenized_val_bpe.csv,7285,31,81,n=(4-c*P+C)/(4*c-r*mu_min+y_i)+(2+P)^-1+(R*a*h)/(N_A-b)-tan(1/2+h+R^circ+delta_i)
val,bpe,tokenized_val_bpe.csv,5520,31,103,y=(T+p_1^*)/(4/3+h+phi)-(R+psi_0+t_min^circ)^n+1+alpha-B_net+P_rms^circ-sum_j=0^n(4/3+pi+F_net+mu+beta)
val,bpe,tokenized_val_bpe.csv,4600,31,105,h=(e+Q_1^-1-epsilon-t)/(4-e*R-theta_2-delta_rms)+dA/dx-sum_j=1^inf(2+c+m+theta)-int(1/2+v^circ+m_f+E_2)dx
val,bpe,tokenized_val_bpe.csv,4800,31,89,b_0=(epsilon_1+b+v)^n-1*N_A-beta_f+a_1-(N_A*A_1)/(1/2+a^n-Q_avg^-1+T_f)+(1/2+Q+omega+C)^2
val,bpe,tokenized_val_bpe.csv,8950,31,94,x_rms=sum_k=1^N(e+beta_min)-1/2*N_A*I+lambda+(pi-c-lambda_avg)/(3-e+z*z-w)-(h*tau^3*F_i)/(R+R)
val,bpe,tokenized_val_bpe.csv,1885,30,96,z_min=(4/3+R+w_max+s+P)^n+1-(1/2-N_A-A_avg+x-E_f)/(2+G-omega_rms^**A_avg)-sum_j=0^n(s+R_net+v_i)
val,bpe,tokenized_val_bpe.csv,8360,30,97,Q=(2+C+mu_min)^n-(N_A+psi^3+omega_1+v_min^*)^1/2-log(2+h+A+theta_min^*+C_avg^+)+(4+P_max+u^n)^n+1
val,bpe,tokenized_val_bpe.csv,1240,30,88,F_i=cos(1/3*R+d_f+Q)-sum_j=0^N(4/3+G+E^++a+x_0^n)-epsilon^2-int_L^inf(2+G+y+sigma+r_2)dt
val,bpe,tokenized_val_bpe.csv,7695,30,99,v=sum_n=1^inf(3+sigma^-1)-g^3+theta_avg-sqrt(F_avg+lambda^2)-(4*N_A*tau^-1+psi*psi_net)/(1/3+G*m*v)
val,bpe,tokenized_val_bpe.csv,2970,30,85,E=ln(c+psi+tau^circ+c)+int(2+pi+y_net^-1+tau_avg^2)dt-(R-x^+)/(e-A^--tau)-(c+h_max)^3
val,bpe,tokenized_val_bpe.csv,3875,29,80,T=cos(c_min+phi)+G-psi_min^circ+g+(pi*I_min+V_max+R_avg)/(e*B_i-v_max-R)+N_A-V-w
val,char,tokenized_val_char.csv,1525,130,130,I_net=sin(v_avg+m_max)-(c*z*V_avg^*-delta_i)/(3+e-beta_max^3*E)-(4/3+N_A*sigma_f^*-gamma_i)/(P*sigma-delta_avg)+cos(g_max^--alpha)
val,char,tokenized_val_char.csv,6525,111,111,L=1/3*omega_1^circ*m*a_1-tan(2/3+B+A_max+sigma)-sqrt(2+N_A+C^2+v^-1+beta)-(4/3-c+beta*P_rms^circ*tau_0)/(4/3-v)
val,char,tokenized_val_char.csv,2965,109,109,C=(4/3+N_A+sigma_rms)^-1+2/3*h*A_i^n-delta-B_2-sin(1/3+F_max+t_i)+(N_A-gamma*w*n_2)/(1/3*N_A*lambda_0+beta^2)
val,char,tokenized_val_char.csv,4600,105,105,h=(e+Q_1^-1-epsilon-t)/(4-e*R-theta_2-delta_rms)+dA/dx-sum_j=1^inf(2+c+m+theta)-int(1/2+v^circ+m_f+E_2)dx
val,char,tokenized_val_char.csv,5520,103,103,y=(T+p_1^*)/(4/3+h+phi)-(R+psi_0+t_min^circ)^n+1+alpha-B_net+P_rms^circ-sum_j=0^n(4/3+pi+F_net+mu+beta)
val,char,tokenized_val_char.csv,7695,99,99,v=sum_n=1^inf(3+sigma^-1)-g^3+theta_avg-sqrt(F_avg+lambda^2)-(4*N_A*tau^-1+psi*psi_net)/(1/3+G*m*v)
val,char,tokenized_val_char.csv,8960,98,98,b_0=(k+d+u_f+a_0^2)^n+cos(b_max+theta-n_net)+(3*pi*lambda_min+n*beta)/(N_A*beta)-ln(4/3+h-tau+b-d)
val,char,tokenized_val_char.csv,7215,98,98,n=sum_k=0^N(1/2+R+c+epsilon_2+V_min)-sin(1/2*sigma)+(N_A+theta+alpha_1+z^circ)^2-2/3*R*W_i^2+w_rms
val,char,tokenized_val_char.csv,8360,97,97,Q=(2+C+mu_min)^n-(N_A+psi^3+omega_1+v_min^*)^1/2-log(2+h+A+theta_min^*+C_avg^+)+(4+P_max+u^n)^n+1
val,char,tokenized_val_char.csv,3240,97,97,b_0=(2+k+P_net)^n-sqrt(2/3+u_0+tau+L_2)+ln(R-n*alpha_i)-(2/3-G-psi^n*V+epsilon_2)/(4-F_1-omega_f)
val,char,tokenized_val_char.csv,1885,96,96,z_min=(4/3+R+w_max+s+P)^n+1-(1/2-N_A-A_avg+x-E_f)/(2+G-omega_rms^**A_avg)-sum_j=0^n(s+R_net+v_i)
val,char,tokenized_val_char.csv,8950,94,94,x_rms=sum_k=1^N(e+beta_min)-1/2*N_A*I+lambda+(pi-c-lambda_avg)/(3-e+z*z-w)-(h*tau^3*F_i)/(R+R)
val,char,tokenized_val_char.csv,8425,93,93,g_avg=sqrt(R+u+V+Q^2)-(1*Q-V^-)/(G+T*R*delta^-1)+(4-r^n-alpha^3)/(pi*h)-cos(h+B_max+gamma^-1)
val,char,tokenized_val_char.csv,900,93,93,P=(4*G*d*t_avg)/(1/2+delta^-)+(4/3+R*y^-+alpha_1)/(1/3+alpha+omega_1+a)+(4/3+N_A+w+z_max+z)^2
val,char,tokenized_val_char.csv,4570,92,92,Q_avg=exp(k+alpha_min+v+c_i)+(2+pi*d+h_max)/(2*pi-T^2-c_max^3+z^2)-R*t_min+Q+C_min-(c+p_i)^n
val,char,tokenized_val_char.csv,9095,91,91,L_rms=(1+E_f^2+V)^n+1+(1/2+N_A+a)^2-sum_n=0^n(2+k+theta^-+g_f+L)+log(2/3*alpha*sigma*z_min)
val,char,tokenized_val_char.csv,3230,89,89,T=R+v-cos(T^-)-(1/3+R+lambda_1+a_2)/(G*s_max*W^+-theta_max^-1)+(k*c-y_1)/(c-V_rms*Q-mu_2)
val,char,tokenized_val_char.csv,4800,89,89,b_0=(epsilon_1+b+v)^n-1*N_A-beta_f+a_1-(N_A*A_1)/(1/2+a^n-Q_avg^-1+T_f)+(1/2+Q+omega+C)^2
val,char,tokenized_val_char.csv,1240,88,88,F_i=cos(1/3*R+d_f+Q)-sum_j=0^N(4/3+G+E^++a+x_0^n)-epsilon^2-int_L^inf(2+G+y+sigma+r_2)dt
val,char,tokenized_val_char.csv,6645,87,87,v=(pi-a-v_min-P_i^circ)/(w+r_max)+(1/2+e+z+beta+t)^2-(G+alpha*lambda_min*b_2)/(3+G-w_0)
val,hierarchical,tokenized_val_hierarchical.csv,2965,205,109,C=(4/3+N_A+sigma_rms)^-1+2/3*h*A_i^n-delta-B_2-sin(1/3+F_max+t_i)+(N_A-gamma*w*n_2)/(1/3*N_A*lambda_0+beta^2)
val,hierarchical,tokenized_val_hierarchical.csv,1525,202,130,I_net=sin(v_avg+m_max)-(c*z*V_avg^*-delta_i)/(3+e-beta_max^3*E)-(4/3+N_A*sigma_f^*-gamma_i)/(P*sigma-delta_avg)+cos(g_max^--alpha)
val,hierarchical,tokenized_val_hierarchical.csv,6525,201,111,L=1/3*omega_1^circ*m*a_1-tan(2/3+B+A_max+sigma)-sqrt(2+N_A+C^2+v^-1+beta)-(4/3-c+beta*P_rms^circ*tau_0)/(4/3-v)
val,hierarchical,tokenized_val_hierarchical.csv,3240,189,97,b_0=(2+k+P_net)^n-sqrt(2/3+u_0+tau+L_2)+ln(R-n*alpha_i)-(2/3-G-psi^n*V+epsilon_2)/(4-F_1-omega_f)
val,hierarchical,tokenized_val_hierarchical.csv,8960,187,98,b_0=(k+d+u_f+a_0^2)^n+cos(b_max+theta-n_net)+(3*pi*lambda_min+n*beta)/(N_A*beta)-ln(4/3+h-tau+b-d)
val,hierarchical,tokenized_val_hierarchical.csv,8360,185,97,Q=(2+C+mu_min)^n-(N_A+psi^3+omega_1+v_min^*)^1/2-log(2+h+A+theta_min^*+C_avg^+)+(4+P_max+u^n)^n+1
val,hierarchical,tokenized_val_hierarchical.csv,4570,175,92,Q_avg=exp(k+alpha_min+v+c_i)+(2+pi*d+h_max)/(2*pi-T^2-c_max^3+z^2)-R*t_min+Q+C_min-(c+p_i)^n
val,hierarchical,tokenized_val_hierarchical.csv,4800,165,89,b_0=(epsilon_1+b+v)^n-1*N_A-beta_f+a_1-(N_A*A_1)/(1/2+a^n-Q_avg^-1+T_f)+(1/2+Q+omega+C)^2
val,hierarchical,tokenized_val_hierarchical.csv,6645,161,87,v=(pi-a-v_min-P_i^circ)/(w+r_max)+(1/2+e+z+beta+t)^2-(G+alpha*lambda_min*b_2)/(3+G-w_0)
val,hierarchical,tokenized_val_hierarchical.csv,7120,161,83,z_1=ln(2+e+s_avg+lambda_min^2+s)+(1/3+h-epsilon^circ-alpha*v_avg)/(N_A*g*a_avg+p_f)
val,hierarchical,tokenized_val_hierarchical.csv,3875,155,80,T=cos(c_min+phi)+G-psi_min^circ+g+(pi*I_min+V_max+R_avg)/(e*B_i-v_max-R)+N_A-V-w
val,hierarchical,tokenized_val_hierarchical.csv,7185,155,77,L=sin(e+omega_min+lambda^3+delta)+int(lambda+gamma^circ)dV-(pi*V_1+d*B)/(c*V)
val,hierarchical,tokenized_val_hierarchical.csv,5605,153,83,p=(3*e-omega+beta_max+Q_max)/(T*b_min)+(4/3+k+E_f+E+r^n)^2-log(3+G+a_2+epsilon+g)+A
val,hierarchical,tokenized_val_hierarchical.csv,5520,151,103,y=(T+p_1^*)/(4/3+h+phi)-(R+psi_0+t_min^circ)^n+1+alpha-B_net+P_rms^circ-sum_j=0^n(4/3+pi+F_net+mu+beta)
val,hierarchical,tokenized_val_hierarchical.csv,1885,147,96,z_min=(4/3+R+w_max+s+P)^n+1-(1/2-N_A-A_avg+x-E_f)/(2+G-omega_rms^**A_avg)-sum_j=0^n(s+R_net+v_i)
val,hierarchical,tokenized_val_hierarchical.csv,1230,147,81,p=k-v+v-(N_A+I-I_max*omega_avg)/(e*alpha_rms-C_min-r^n)-dg/dx-(1+h+sigma+P+F_1)^n
val,hierarchical,tokenized_val_hierarchical.csv,7285,145,81,n=(4-c*P+C)/(4*c-r*mu_min+y_i)+(2+P)^-1+(R*a*h)/(N_A-b)-tan(1/2+h+R^circ+delta_i)
val,hierarchical,tokenized_val_hierarchical.csv,270,145,79,m=(R+v-I+tau^n)/(2+pi*gamma_min^2+lambda)-2/3-psi*R*W_net+sin(k+n+z_rms^circ+a)
val,hierarchical,tokenized_val_hierarchical.csv,1760,145,77,T=(1*gamma_rms*psi_f)/(2/3+k+lambda+I_0+psi)+R*tau_2+h-a_net^+-b-theta_2^circ
val,hierarchical,tokenized_val_hierarchical.csv,3250,143,75,E=log(1-c+t^circ+c_rms)-w-sqrt(1+b_0^-1+psi+v_min)+(2-beta^-1+g^circ)/(2*C)
